{"vru_type": "bike", "trajectory": [{"Timestamp": ["1533212770640034", "1533212770660023", "1533212770680013", "1533212770700033", "1533212770720023", "1533212770740043", "1533212770760032", "1533212770780022", "1533212770800042", "1533212770820032", "1533212770840021", "1533212770860042", "1533212770880031", "1533212770900051", "1533212770920041", "1533212770940031", "1533212770960051", "1533212770980040", "1533212771000000", "1533212771019989", "1533212771039979", "1533212771059999", "1533212771079989", "1533212771099978", "1533212771119998", "1533212771139988", "1533212771160008", "1533212771179998", "1533212771199987", "1533212771220007", "1533212771239997", "1533212771259987", "1533212771280007", "1533212771299996", "1533212771320017", "1533212771340006", "1533212771359996", "1533212771380016", "1533212771400006", "1533212771420026", "1533212771440015", "1533212771460005", "1533212771480025", "1533212771500015", "1533212771520004", "1533212771540025"], "x_smoothed": [676.8915963946758, 637.6071983592985, 597.0930688074159, 555.352108246196, 513.2782653676304, 471.7977793975686, 430.9886079882367, 390.1743803999395, 348.82691154856917, 306.8409182853973, 264.25496382614733, 221.0202137092052, 176.80694119798775, 131.04964261697162, 83.39126646728285, 34.30970830541094, -15.046749062414362, -63.82354085708039, -111.94248436472677, -159.71636602691098, -207.25963352345744, -254.49509202473573, -301.5779617662234, -348.7438883522989, -395.7310180020507, -441.9044120054463, -487.06437008027495, -531.6855845983627, -576.469007192626, -621.9047522772867, -667.831626289676, -713.4383777805166, -758.0413247991947, -801.5622209222155, -844.3753861273951, -886.7593994386186, -928.4898310155687, -969.1720030040914, -1008.5489381055, -1046.3871584736091, -1082.7870369215925, -1118.236941339216, -1152.7856024571292, -1185.956027692701, -1217.5361414982458, -1249.4751331539549], "z_smoothed": [1647.4284069971823, 1648.8933572857666, 1649.8555877569497, 1650.2719723765385, 1650.565700939507, 1651.3662797514924, 1652.9007726016205, 1654.8595238402834, 1656.6911579873313, 1657.9072788135895, 1658.4804843676393, 1658.7725509196441, 1658.994902633097, 1659.0963085844242, 1659.0681962712022, 1659.1003478097532, 1659.3896187376756, 1659.8917359037089, 1660.2730255799822, 1660.2525153343556, 1659.871073384434, 1659.1459655923009, 1657.8646527649419, 1655.939804012563, 1653.5919345745963, 1651.1190726786735, 1648.604300724101, 1645.7819188582462, 1642.454182204078, 1638.778904710679, 1635.0655918968157, 1631.695691927325, 1629.0852331811222, 1627.4842777136748, 1626.6258718838408, 1625.8780314481605, 1624.854681087449, 1623.540264668382, 1621.8921058451106, 1619.7741582888439, 1617.1037774428185, 1613.9878651719353, 1610.952115392497, 1608.5328966199327, 1606.716505360161, 1607.3351333947996], "y_smoothed": [-6078.306630990708, -6131.721202964369, -6185.807752125407, -6240.55337432151, -6295.390784860537, -6349.645004745306, -6402.885940826033, -6454.92740361812, -6505.835061583082, -6555.825239441981, -6605.052007636426, -6653.534289885478, -6701.205943511319, -6748.086292190652, -6794.2689369172485, -6839.856197530621, -6885.247749655333, -6931.001192728793, -6977.2178370867005, -7023.628677327592, -7070.132583197927, -7116.812917033719, -7163.581832819913, -7210.177893205104, -7256.448718351949, -7302.376791298134, -7347.937192240077, -7393.050421963725, -7437.664274534289, -7481.878295719618, -7526.080019618993, -7570.5844819026, -7615.247435175596, -7659.861089782676, -7704.57570355742, -7749.44064747263, -7794.018497715284, -7837.943123365681, -7881.145657982341, -7923.483390770355, -7964.676643977078, -8004.593370040774, -8043.240999727575, -8080.516092521384, -8116.029834873565, -8150.991103101148], "y": [-6079.758569370436, -6129.060140991366, -6180.210049663026, -6236.853967294394, -6295.003563846446, -6349.903594689297, -6404.9448458154875, -6457.530588489066, -6507.301248034168, -6556.681277774679, -6605.2868472817045, -6654.183793869704, -6703.228704448672, -6747.890602822551, -6796.595628113182, -6843.16872445525, -6883.945094548867, -6927.624110642477, -6976.191852341632, -7023.831923471846, -7068.853001776259, -7114.00863461357, -7163.070630752849, -7209.5989716459035, -7256.564672828308, -7301.032515685651, -7348.026094834601, -7392.504640668991, -7439.512533781744, -7483.347133313075, -7522.607196528403, -7568.369723550514, -7615.084785471548, -7660.876633702973, -7698.748859978665, -7748.0939538355115, -7793.708609728809, -7837.682347981802, -7878.9098431898, -7923.554251238838, -7965.577348202447, -8004.512681361922, -8042.439455302499, -8077.906269263005, -8116.126492710956, -8151.003116826308], "x": [670.5491450308924, 643.409972337231, 605.3079787478267, 560.8890550236134, 512.4935615276711, 465.85782871563333, 429.8299539879446, 391.3111053675846, 350.3157683790116, 308.06633191061024, 264.029986641373, 220.3107162769001, 177.07249009572357, 136.6891456985439, 91.74498925452455, 38.47308753539172, -17.16659029861642, -66.23773180309848, -113.30399440143992, -157.7977359153398, -209.3361120941633, -255.6567410838079, -300.6207105194084, -343.8857206162452, -396.98786898424896, -445.3500821517585, -490.95739526057605, -532.6335865303755, -575.1882566112821, -615.4081913840963, -665.745820593119, -714.7938146172922, -761.238145430024, -804.5716212863149, -842.0944923381354, -885.6978470043001, -928.887575896977, -969.785026135786, -1009.2888938859796, -1052.6286067069718, -1082.6042459530458, -1115.784269805228, -1153.188073273968, -1189.5653507393451, -1216.8922483201222, -1249.3041502037775], "z": [1645.9658882488873, 1650.592411065256, 1653.140875179811, 1654.6438030349684, 1650.2166450447125, 1648.366966941905, 1650.2542965402465, 1652.6155172380288, 1657.8150736350335, 1661.783091712137, 1659.3224743204223, 1658.394441932799, 1658.864625941424, 1660.667516615213, 1659.8860664982376, 1658.5892232100846, 1657.466089340006, 1658.1785787922952, 1662.5053272428293, 1660.9243377019745, 1659.1005051408345, 1659.3700210275783, 1660.7797377411323, 1657.5615791459998, 1654.8061898701474, 1649.3061424724701, 1647.6484388057768, 1648.8939519212527, 1643.0813891678054, 1641.489821585694, 1635.1246699388212, 1632.9680020294188, 1625.51846608391, 1623.2507766282272, 1624.949072598401, 1627.5164918633602, 1625.2413148291052, 1622.890421172562, 1623.4500141162569, 1619.6386448767498, 1621.4840570011063, 1616.4435384710596, 1609.5213867604402, 1605.3384756847406, 1607.598192293688, 1606.8752646588305]}], "motion_primitives": {"mp_labels": [{"mp_label": "pedaling", "start_frame": "3523", "vru_id": 108, "start_time": 1533212770660023, "end_frame": "3647", "vc_device_end": " ", "vc_device_start": "HK1", "end_time": 1533212773139988}, {"mp_label": "hand_signal_left", "start_frame": "1863", "vru_id": 108, "start_time": 1533212780960051, "end_frame": "2323", "vc_device_end": " ", "vc_device_start": "SK6", "end_time": 1533212786580034}, {"mp_label": "tl", "start_frame": "2347", "vru_id": 108, "start_time": 1533212787540025, "end_frame": "2379", "vc_device_end": " ", "vc_device_start": "Insignia", "end_time": 1533212788820032}, {"mp_label": "pedaling", "start_frame": "2752", "vru_id": 108, "start_time": 1533212803740043, "end_frame": "2914", "vc_device_end": " ", "vc_device_start": "Insignia", "end_time": 1533212810220007}, {"mp_label": "hand_signal_left", "start_frame": "2766", "vru_id": 108, "start_time": 1533212804299996, "end_frame": "2855", "vc_device_end": " ", "vc_device_start": "Insignia", "end_time": 1533212807860042}, {"mp_label": "tl", "start_frame": "2793", "vru_id": 108, "start_time": 1533212805380016, "end_frame": "2811", "vc_device_end": " ", "vc_device_start": "Insignia", "end_time": 1533212806099978}]}}