{"vru_type": "bike", "trajectory": [{"Timestamp": ["1476709256640034", "1476709256660023", "1476709256680013", "1476709256700033", "1476709256720023", "1476709256740043", "1476709256760032", "1476709256780022", "1476709256800042", "1476709256820032", "1476709256840021", "1476709256860042", "1476709256880031", "1476709256900051", "1476709256920041", "1476709256940031", "1476709256960051", "1476709256980040", "1476709257000000", "1476709257019989", "1476709257039979", "1476709257059999", "1476709257079989", "1476709257099978", "1476709257119998", "1476709257139988", "1476709257160008"], "x_smoothed": [2065.9229004589683, 2038.542652223915, 2014.63106794034, 1995.752571273299, 1981.4900519596845, 1969.9011480161594, 1957.7670169233477, 1941.9434657622976, 1922.4553478874714, 1902.8237368077582, 1886.3438126573892, 1872.9942578119808, 1859.7835297191564, 1844.657912587383, 1828.9019350153449, 1814.449874640428, 1802.1441482961968, 1792.0980926756579, 1783.2255604727384, 1773.5731091672808, 1761.5769667879329, 1746.5026943736016, 1728.8357606475881, 1709.8330440430555, 1690.2379995911615, 1670.4342916685075, 1667.5560659623966], "z_smoothed": [3208.642699916794, 3205.4527121241645, 3205.0525838954545, 3206.414349457165, 3208.084574043391, 3209.518271139705, 3211.3473633834947, 3214.7837647096217, 3220.555695673007, 3228.0402214139444, 3235.560224005372, 3241.780990513144, 3245.8402722294763, 3247.4849940682093, 3247.938217662145, 3249.060292984149, 3251.582638284173, 3254.7053824672234, 3257.2715791686765, 3258.698257473652, 3258.8961508807565, 3258.544701888744, 3258.8792332163935, 3260.207866941182, 3262.0629619678916, 3264.262832219932, 3244.9492143337297], "y_smoothed": [-1242.558780181375, -1225.0066683383047, -1210.4221224518114, -1199.2470423353689, -1190.2161414048899, -1181.5024022872647, -1171.2784549240187, -1158.1818247413748, -1142.5862819247266, -1126.6478562235504, -1112.3380216789262, -1099.5989321756708, -1086.194729127726, -1070.6372475168707, -1054.2660948463274, -1039.0543326273366, -1025.9560648756822, -1014.9137420659679, -1004.950677507827, -994.7184161054355, -982.9844413415409, -969.0413293400926, -953.4835155579335, -937.6894462253578, -922.3654566389108, -907.6400239229654, -902.9627321251677], "y": [-1252.7986897295239, -1217.0268829355985, -1193.0443500578351, -1188.7233717108284, -1182.4653161420774, -1177.3191691114514, -1176.7195328015728, -1175.3071748542218, -1150.6326518450169, -1124.7339921990047, -1096.941949927487, -1089.4316079044115, -1104.3970038514178, -1077.9366578726501, -1055.6286628334137, -1035.5094272623392, -1017.1655500645332, -1008.414204522148, -999.9482162979466, -994.8118075951103, -987.0438161689895, -983.7625457504706, -950.5699287018257, -940.6012845109191, -918.3231691748289, -906.5197105165281, -902.2864683270305], "x": [2083.1280303550348, 2036.5351374605216, 1998.374766677753, 1980.216259760196, 1964.1062651809389, 1953.5352470716925, 1964.1965192755551, 1968.8050187752367, 1937.4891580180556, 1896.3118655663466, 1865.324393291817, 1858.5915432726708, 1879.2194045520143, 1851.8589681716878, 1827.8824588783036, 1813.5086540379439, 1793.231192570456, 1780.797887007505, 1778.8176185993545, 1775.904899947659, 1765.6701386514792, 1762.8693231704617, 1727.1488185256776, 1716.543895559956, 1688.3160422749154, 1671.1851860975391, 1667.998364086287], "z": [3204.3374323700314, 3183.270336296794, 3194.719808761402, 3203.586581511562, 3211.8340372613884, 3215.7010920890907, 3210.4336685176636, 3210.3034100177847, 3206.1273455141795, 3226.727347014714, 3234.2740931403764, 3242.4312939691467, 3256.651434904507, 3259.1481188167886, 3249.0794946908663, 3241.71481068231, 3244.6275068827717, 3255.4764304310993, 3257.990760354587, 3262.659766226625, 3268.204079348029, 3257.592011993302, 3251.5467445801814, 3262.717666920407, 3258.592132465484, 3264.3839319468, 3245.023939606047]}], "motion_primitives": {"mp_labels": [{"mp_label": "pedaling", "start_frame": "8430", "vru_id": 61, "start_time": 1476709256640034, "end_frame": "8599", "vc_device_end": "Insignia", "vc_device_start": "Insignia", "end_time": 1476709263400006}, {"mp_label": "hand_signal_left", "start_frame": "8609", "vru_id": 61, "start_time": 1476709263800042, "end_frame": "8847", "vc_device_end": " ", "vc_device_start": "Insignia", "end_time": 1476709273320017}, {"mp_label": "tl", "start_frame": "8857", "vru_id": 61, "start_time": 1476709273720023, "end_frame": "8981", "vc_device_end": " ", "vc_device_start": "Insignia", "end_time": 1476709278680013}, {"mp_label": "pedaling", "start_frame": "8826", "vru_id": 61, "start_time": 1476709272480025, "end_frame": "9158", "vc_device_end": " ", "vc_device_start": "Insignia", "end_time": 1476709285760032}, {"mp_label": "tl", "start_frame": "9192", "vru_id": 61, "start_time": 1476709287119998, "end_frame": "9280", "vc_device_end": " ", "vc_device_start": "Insignia", "end_time": 1476709290680013}, {"mp_label": "shoulder_check_left", "start_frame": "9177", "vru_id": 61, "start_time": 1476709286520004, "end_frame": "9219", "vc_device_end": " ", "vc_device_start": "Insignia", "end_time": 1476709288239997}, {"mp_label": "shoulder_check_left", "start_frame": "8546", "vru_id": 61, "start_time": 1476709261280007, "end_frame": "8574", "vc_device_end": " ", "vc_device_start": "Insignia", "end_time": 1476709262400006}, {"mp_label": "shoulder_check_left", "start_frame": "8614", "vru_id": 61, "start_time": 1476709264000000, "end_frame": "8642", "vc_device_end": " ", "vc_device_start": "Insignia", "end_time": 1476709265119998}]}}